gene,coef_covid
IFI27,1.169692372491797
S100A8,0.9595119328415411
MT-CO1,-0.8091226428671218
IFI44L,0.7067523532402697
HLA-DQA2,-0.6805104932518512
TXNIP,-0.6701963854398886
FOS,-0.6109883982211965
S100A12,0.5857668814814218
IGLC3,0.5647663523571218
EGR1,-0.5621142050042778
IGHM,0.5370180110354952
ALDH1A1,-0.5170486275275352
FOSB,-0.5048513090845841
CD1C,0.49944736984753146
IGHG1,0.4946234506108866
MXD1,0.4712624147517283
RPH3A,-0.4664324468449301
CSF3R,-0.461757567014877
NFKBIA,0.4495188999250131
ABTB1,0.44784952091171815
BRMS1,-0.44364928904404016
PLBD1,0.4297288581442798
SLAMF7,0.42616582129654434
SELL,0.4237724805515847
IRS2,-0.41534722657834494
IFIH1,0.4086990981231702
GBP2,0.4076131613976859
MT-RNR2,0.4031049242060317
SLC25A37,0.4029522992341726
CD163,-0.4023284214245389
CYP27A1,-0.3946822302185473
CLEC4E,-0.38252426473012474
CDKN1C,-0.3773517677837424
MT-CO2,-0.3719840071550229
IGHG4,0.3685953417720297
PBX2,0.3628652702290467
HLA-DOA,0.35667288997617147
HLA-E,-0.3536283170182684
SAT1,-0.35026167517258583
TNFAIP3,0.3496668622527261
NLRP3,-0.3474623631489652
ACTN1,0.3440782255611876
KIF2A,0.34340323680709745
NEDD9,-0.3433218682286688
IGF2R,-0.3419579113618738
MS4A7,-0.3376286400776862
RN7SL2,0.33719219987426724
LGMN,0.3360993730295323
RN7SL5P,0.3344235811367257
GBP1,0.3316936212615051
PADI2,-0.3290611604086796
CCDC88B,-0.3286995784245529
CX3CR1,0.3088479898232019
SIPA1L2,0.30776596631090963
MTSS1,0.30479124727412094
HLA-DPA1,-0.30412663460712047
TMEM176B,0.30101573251816816
SNN,-0.29598595644126535
CRISPLD2,-0.28603668635391893
SYNE2,-0.28153114907733223
CDKN1A,0.2801074386265891
SLC44A2,-0.277237079351021
SLC38A1,0.2765837960738008
LRP10,0.27441281170302856
MKI67,0.2738728538335052
SPATS2L,0.2736036896190391
SIGLEC10,0.27006724698822804
ATP8B4,0.2653662287855457
PLEKHF2,0.2629632164366193
KMT2D,0.26277420830376863
F13A1,0.2616113845421112
NEBL,-0.2612137942988626
APOBEC3A,0.2601415967113829
GBP5,0.25809502729957573
RNF144B,-0.2565155233185169
GNLY,-0.2547090307189038
CES1,0.2484176721338063
SIGLEC5,-0.24785631096663374
AFF1,0.24627320318338844
SCARF1,0.24539028789598344
INO80D,0.24441850284715577
IFI44,0.24357651920885354
SPOPL,-0.24315510691168998
RETN,0.23906381864780188
FMNL2,-0.2385703324427465
AGTPBP1,0.23726522581129644
NAP1L1,-0.23486055699246047
PLEKHG3,-0.23483089526456755
EIF1AY,0.23447217305636928
S100A9,0.2338865334687377
CENPF,0.23313251384609332
CDK5RAP2,-0.2312259224687365
CST7,0.23060700663364578
EMP1,0.22989054058364375
PRF1,-0.22972730848345954
FCER1A,-0.2294783351566792
ADD2,-0.22911235029453136
MSR1,0.22728098624118326
IGLC2,0.22243782000886897
SAMD9,0.22191405369985362
VMO1,-0.22106846738077152
PDCD4-AS1,-0.2200802851864702
IFI6,0.21910464271364638
KAT6B,0.2162951257201313
CD8A,0.21412651726978577
AQP9,0.21387504844764302
SDC3,0.21382352712435987
IL2RG,0.21281447583188184
TMEM154,-0.20979877202671995
CTSL,0.20779195141185067
VNN2,-0.20682421569932502
TRANK1,-0.20634439791774514
TSC22D1,-0.2027720207818019
HLA-DQB1,0.20244190516222774
NARF,-0.20124985247790594
IVNS1ABP,-0.20108609811363887
FADS1,0.19820663851592138
NCOA1,0.1969781032043572
CAPRIN2,0.19690945353970443
CSF1R,-0.19672186482650558
BASP1,-0.19454187187515587
DGAT2,0.19335514037053128
C3orf62,0.19325409662543724
LILRA4,-0.193065818116471
CDH23,-0.19160891954551262
IFIT3,0.19124794436594822
FEM1C,-0.190684638072693
FRAT2,-0.1904866460138868
TP53I3,0.18952927478311682
HLA-DRA,-0.1877733409166371
IGHG2,0.18774149734997714
SYNE1,0.1876984822805313
GBP4,0.18748383517721606
C1QA,0.18703273873238088
SYS1,0.18575294984906202
TRIM23,-0.18296774062682022
FAM222B,0.18280927071309228
CCL28,0.1825303961971665
LTB,0.1822080961518174
LAMC1,0.1819554369059534
CHSY1,0.18124439988737845
BCL2A1,0.17989837390459243
RNF19B,0.17932371090012847
LGALS3BP,0.17886115071214184
SMCHD1,-0.17874530233522554
C22orf46,-0.17805892886996003
IL3RA,-0.17786050450589966
LYZ,0.17768614410829095
PPP1R3B,0.1758099013797199
FANCI,-0.17575107181491964
EGLN1,0.1757184644021157
OPRL1,-0.17309516546619502
PTGS2,0.1722779551992492
MSRB1,-0.17151574292449037
IL1R1,0.17077385629660596
ITGB3,0.16928831880778444
RASA4B,-0.16910340838376195
BTN3A1,0.1688633221408356
SIGLEC1,0.1684054190238718
THBS1,-0.16812804385590063
SPON2,-0.16715048973633997
APOBR,-0.16702039486800135
HP,0.1665713315207084
CADM1,0.16495084785061936
MAST4,0.16481670661380712
PCYT1B,-0.1644814742756797
LIN7A,0.16371335838841294
IFITM2,0.16352319165373935
EPHB4,0.16341726523474637
IRF8,-0.16338323483651107
CLEC5A,0.16190495953476772
BIRC3,-0.1616441102722156
IL7R,0.16137463966453816
EEPD1,-0.16135095251021747
SERPING1,0.16098833455164552
RFFL,-0.16054712887261896
MYH11,-0.16006295353880826
CSF2RB,0.15959978223341623
PADI4,-0.15957643074803923
VPS39,0.15752458488195548
FGFBP2,-0.15681711887575434
ITGAX,0.1566130194498278
CDK14,0.1560217267788405
HIVEP2,0.15434722421122657
PDPR,-0.1533184742312508
ASCC1,0.15147825957746777
ADCY9,0.1507359519061574
KIF21B,-0.1503230434280751
OTOF,0.150097001514019
EMC1,0.14938072018311682
UEVLD,-0.14921209184232262
ALOX5AP,0.14909732725268363
XKR8,-0.14783749581537683
ZNF14,0.14766758432675117
MME,-0.14761243259143278
BMS1,-0.14739243710834343
SLC45A4,0.14724551556255303
PRKCE,-0.1472261871218461
SORL1,-0.14609890710835685
NAA10,-0.14572891212095995
IGKC,0.14546559789920765
PI4K2A,-0.14430521177425726
ACSL1,0.14364604931705283
PTPRCAP,0.14148063672311598
XYLB,-0.14132099301361656
IDO1,0.14044663300870205
GRIP1,0.13985979809948046
ZNF490,-0.13918441696685277
KCNC3,0.1384856108756104
WDFY2,0.1381370723777486
FCGR3A,-0.1362285556712481
SUPT3H,-0.13552242840207004
NCF4,-0.135149995572214
VNN1,-0.13482934711663833
IFIT2,-0.1346739409933593
PTP4A3,-0.134519478724975
TSGA10,-0.13446936621147784
GNG11,0.13337357868347366
ESCO1,-0.133197138147631
TSTD2,-0.13255797698283847
CLEC10A,0.13248463354296908
MARCKS,-0.1317610280013742
FBXO33,0.1316591476561456
MAML2,0.13117726488721315
IGLV1-44,0.13072059784144213
ZC3H12A,0.13034441113958378
CD74,-0.12930060093338025
ACOT1,-0.12893916717260548
DDX39A,0.12890619960731145
SH2D1B,-0.12831102048330334
IGKV4-1,0.12769562882930333
RHOB,-0.1272717643685473
ECE1,0.1261278977732585
PIM2,-0.12518242815027752
IGHA2,0.12516191853405173
ING5,0.12432819307552162
PPARGC1B,0.12384199560706231
IL32,0.1234419384315422
ITM2C,0.1229031427828626
PLEKHA5,0.12228807129002194
TCF7,0.12157929821638938
STEAP4,0.12144411068116508
NCAPD2,0.12134393548182627
PAN3,-0.12124430760814396
IGHA1,0.12118000311116443
LINC00937,-0.12075050950980619
ZNF516,0.1206562380518826
REG4,-0.1200711809947896
EFCC1,-0.11917769972304272
SELP,-0.11883023125595485
CLK3,-0.11822311279834795
HTR7,0.11784205182644321
IFRD1,-0.11783245601680262
MNDA,0.11737288971750216
ZEB1,0.11670363228154468
UBE2S,0.11629700205403835
NSUN3,0.11601041127367724
LIMK2,0.11461344621958301
TNS3,-0.11398288801884777
FCGR3B,0.1133159031396041
TLR6,-0.11308276283250235
ABI2,-0.11271914804473462
ZBTB37,-0.11227693962189503
ITGA2B,0.11135213131960796
TRIM13,-0.1106097031763578
KLHL5,-0.11059276905634804
C1QB,0.10995133903904167
YAP1,0.10986750026457129
SERPINF1,-0.10934697147604215
ANKRD62P1-PARP4P3,-0.1090243371500987
CLUL1,0.10824899897382448
SOGA1,0.10759447269233019
EREG,0.10735874191892392
MDN1,-0.1068646821665059
TACC3,0.10654806831249514
BCL2,0.106307236590979
DHRS7B,-0.10629220469795364
MYLK,0.10624008421112204
SH3BGRL2,0.10575653947613572
PPIL1,0.10574668927673822
CCNG2,-0.10567552360766487
TCF4,0.105594142927893
BTN2A1,-0.10523698263444296
CKB,-0.10502487474378036
FGFR1,0.10494836022217595
UHRF2,0.1041604632873591
NIT1,-0.10380786561481532
LMNA,0.10356409964707514
PAX5,0.10341342906863851
PTGDS,-0.10240732346008523
EIF2AK2,0.1022224953225475
BTBD7,0.10209481467010027
ZNF805,-0.10191052014309834
GZMA,-0.10177628966199388
GPD1,-0.1017321226804244
DST,0.1013863941346953
MGAM,0.10116460331387701
TSPAN2,-0.10079370350817222
TXNDC16,0.10062511981615475
CACNB3,-0.10058068596094467
C15orf48,0.10055545079604405
SLC3A1,0.1004250899273177
CCL5,0.10020436839308812
ECM1,0.09981193719010228
MMRN1,0.09972944589401747
ZNF689,0.09934182726606257
CUEDC1,-0.09909613911577173
IFIT1,-0.09875598982878724
EFNA5,0.09851864474061867
CCND2,0.09826082918832957
GATAD1,-0.09821270394719407
PPBP,0.09821228027841113
TREML1,0.09776505291890275
PRICKLE3,0.09747817341813472
ADM,-0.09730952864490285
CENPU,-0.09718530558601404
MALAT1,0.0964755090102088
TRAC,0.09618184622261222
CSAD,0.0943036778562075
NABP1,-0.09360871962931824
RPS6KA5,-0.09351657222397088
C8orf17,0.09338683975600692
PEX7,-0.0933171722030977
MT-TR,-0.0932981640755383
KDM6B,-0.09302085467481437
SLPI,0.09299643957732648
TDP2,-0.0928932206638196
NAMPT,0.09178515773137905
MYH10,0.09175447400397005
TP53INP1,0.09111421581438918
DVL1,-0.09063958899436278
RASA4,-0.09036355406135708
HERC5,0.08999374356137443
ARL4C,-0.08993666565814232
AHCTF1,0.08959656322154605
GNAZ,0.08941509618125908
STK33,0.0892839958276556
SVIP,0.0890858808894308
DTYMK,0.0889628368064886
GZMB,-0.08893317369460492
LYNX1,-0.0888288865081834
TECPR2,-0.08820588109459596
IGHG3,0.08761175524466171
RNASE1,0.08740413017145202
NT5DC4,0.08661962886394253
ZNF793,-0.08579039926916326
SCAMP5,-0.08571538450619509
TRMT10A,0.08569822608893389
HBB,0.08541005478640525
ETS1,0.08539711367836775
CDCP1,0.08532976182906063
PF4,0.08468044390099962
AMOT,-0.08453504963282435
CDC14B,0.0844187686878324
XPO6,-0.08428025804735685
MTA3,0.08413547205205786
HLA-DPB1,-0.083821543941414
GMPR,0.08379765445609655
ORAI2,-0.08379645387625477
RAPH1,0.08351947859368838
SLC16A6,0.08349874381260877
FNIP1,0.08288186713414503
MAGEA10,0.08263401481700486
ABCA10,0.08243815250355223
S100P,-0.08234626098313291
SCN8A,-0.08212693381373057
OAS3,0.08196471308083923
ZFP36L1,0.08168488048247945
SLC51A,0.08167234604755334
CREG2,0.08151363414667862
CXCL1,-0.08150228106368894
ACRBP,0.08148082864806275
MTURN,-0.08086829358745379
SUCO,0.07978926447874081
CYP1B1,0.079703631147558
APOBEC3F,0.07952694788102337
PXDC1,0.07933171875614249
CDC42BPB,0.07923934835084705
DHX34,-0.07915747863311956
PECR,0.07912968618338506
ZSCAN22,0.07904277341805849
CYYR1,-0.07898010786540065
VAX1,0.07865294991019896
C4orf47,0.07865294991019896
EFCAB13,0.07844527748154934
SCN3B,-0.078344641188428
ANKRD26,-0.0781597535573855
PSTPIP2,-0.07771410961164871
AMMECR1-IT1,0.0761444655371886
FAM85B,0.0761444655371886
LINC01104,0.0761444655371886
KBTBD13,0.0761444655371886
MYH13,0.07606595658681141
MYB,-0.07578640228879598
MMP25,0.07569516739859675
YPEL3,-0.07556256788763371
CLTCL1,0.0754715551245286
TRERF1,0.07546673450719525
MYH14,-0.07518732156803444
RPH3AL,-0.07509504284130193
ISG20,-0.07500719633585486
LPIN1,-0.07429678619932226
FAM171B,0.07374635780096434
HAVCR1,-0.07374148582133118
CEP68,0.0736202449007873
AKAP11,-0.07361248498211191
IGHD,0.07331629844863924
RGS6,0.07310592513370642
CMTM2,-0.07294567997843647
TSC1,0.0727903559932182
CABYR,0.07183767015181232
EXOC6B,0.07180997260357824
CD247,-0.07152458090354404
FFAR2,0.07141453554299641
TOB1-AS1,-0.07120659371016828
SV2A,-0.07093811207453322
GTPBP10,0.06956704009067999
CXCR2,0.06948643757881948
SESN3,0.06948085592054565
ZNF746,-0.06924060831860787
CLEC4C,-0.06922776595876277
MPDZ,0.06914976579556559
KREMEN1,0.06891977189136819
MPO,0.0687699705652124
ZDHHC18,0.06841354346777187
G0S2,-0.06803897264435221
ENPP2,0.06757816488776655
RN7SKP80,0.06747515870389251
SHD,-0.06690219207010538
PLEKHH2,0.06683040316345652
DNM3,0.06638667892603634
KIAA1671,-0.06608040265757387
SPARC,-0.06587693395157368
IL1R2,-0.06496180748971273
GPRC5A,0.06469883421695109
SRPK1,-0.06457476290965511
HBG1,0.06353747484058984
SLC39A8,0.0630279238828827
PNPLA4,-0.06300801414330676
MUC1,0.06288390347745486
SLCO4C1,0.06281497638063285
LINC00996,-0.06280350607195771
LINC00115,-0.0622149818767104
ABCA13,0.06216027212657306
FAM8A1,0.06193776043217382
HSPA1A,-0.061676423511191555
NIF3L1,-0.06155165259325412
ESYT1,-0.06146403593669157
FLNB,0.06110567246866918
ZNF398,0.061094642856926104
NTRK3,-0.06036685961894154
C3orf14,-0.06035463263084091
ABCC9,-0.059631961241628596
TRAFD1,-0.059508322302153326
BLNK,-0.05868899711942084
TMCC3,-0.05849857802315815
IFIT1B,-0.05844708443663588
IGHMBP2,0.05832711521805986
STARD7-AS1,0.058287105462103125
ADCY2,-0.0580728348798586
PXT1,-0.058008866298562216
MAP1A,-0.05785541199658305
GIGYF1,0.05779943578608316
GNAO1,0.05714308721754126
DHX8,0.05706865544051152
CCDC125,-0.05679199768596458
PDE4B,0.05674423420036918
PDE6A,-0.05667910112094403
TTC7B,0.056596592072918075
EDNRA,-0.056472435328792904
TNFRSF10C,0.056449880390712304
OSGIN1,0.05593564080196794
BAIAP2L1,0.05592674430355714
P2RY12,0.05565044200201189
CLEC18C,0.055564832565120466
L2HGDH,-0.05528300198637522
ESRP1,0.055147160407478836
ZNF251,-0.05513197363609449
RNA5-8SP6,0.05495873733319602
ATP8B1,0.05493814949331233
PIRT,-0.05483630448835425
CDC42EP2,-0.05480550919779381
TRGV2,0.05464919851714326
LGI2,-0.05404516872359649
RN7SL146P,0.05397447591579232
NCCRP1,0.05397447591579232
LZIC,-0.05395301715104951
ACKR3,0.05387863292491289
DIRC3,-0.053494994151695084
IKZF2,-0.05307874583235876
HBA1,0.05299491227649489
ATP9A,0.052885396612246505
ZNF215,-0.05266611270408363
NSMCE2,0.051999502988597526
MROH6,-0.05199101745760134
PIGR,-0.051751999695054035
LINC01094,-0.05165709111884549
DNAH2,0.05144791689130913
HLA-DQA1,-0.05139931872554234
TUBG2,-0.05115818681351794
CLSPN,0.05095957376289594
PRPF40B,0.05075906721693378
WDR87,0.05043953099607307
GBP3,0.050404670515611816
LDB2,-0.05039304931769887
PRG4,-0.05037992097566189
PIK3R3,-0.05035975115399231
GP9,0.049594249191075225
CDR2L,0.049171012309850014
EPAS1,0.04907915652821928
PI3,0.04898143377977887
SUMO4,-0.04868185903880322
CCNF,0.04839718720067649
P2RX1,0.048385673081605615
PNPLA1,-0.04835413267414055
MS4A1,0.04830890457627152
SDR39U1,0.04824089646490134
NAV2,0.04814230268491656
RN7SL230P,0.048116859649587604
TDRP,-0.04808132070082808
VWA2,-0.04808132070082808
MEG3,-0.048034453804966265
MAP1B,0.04782695635869464
PPIAL4G,-0.047820671095151125
RBAK-RBAKDN,0.047807319296103996
KCNJ15,0.047378278565269175
TAL1,0.04709012734313801
CBY1,0.04681554482644345
PROK2,-0.04666200649432518
PPFIBP1,0.04661513779995239
CLDN5,-0.04617530994739081
HTR3E-AS1,-0.04616044646463074
AURKA,0.045921145005522385
WDR91,-0.04577394276882144
LINC01043,-0.045283765558097974
NR4A3,0.045148392326220484
LINC00211,-0.04501569693409554
FAM227B,0.044896131679747445
ZNF555,-0.044792034526443515
PLAC9,0.044772457012109294
TCF7L2,0.04451900854330387
ZNF780A,0.044480193475404814
KCTD7,0.04440418810757684
TRAPPC13,-0.0442842279275968
GPNMB,0.04426905045452952
HSD17B8,-0.04420045031079561
MZB1,0.044180307051607484
AKR1C2,-0.044161320488828995
NGRN,-0.04410144894014186
TOP2A,0.04399598242278823
CLDN18,0.0438663269852403
SCARF2,-0.04356516119316273
LRG1,0.04323711286264402
TLR9,-0.04322382699038495
NME8,-0.043126278894854986
GEMIN5,0.04305719010286272
MUC19,0.04304896146116394
SLC10A1,-0.042857960297783826
MUC16,-0.0425991451328851
ALDH1L2,-0.042587373410919595
PROZ,0.04255758455222836
P2RX6,0.04254156041855402
GAB4,0.04249168901056691
RAB27B,0.04233015168639203
TMEM243,0.042301791896683705
GP1BA,0.04211766967602472
SSPN,-0.042010591093783495
PC,0.04189952130795556
TUBB1,0.04186431755765619
TBX6,0.04184815812968423
CDH1,-0.0415965129814822
DUSP16,-0.04152626123537468
DONSON,-0.04142000820642202
SMCO3,0.04137720950171735
GPD1L,-0.04136465348786031
LTBP1,0.04096763349874489
CEACAM3,-0.04068932345523985
AKAP5,-0.0406495929812254
EVA1C,0.04055217311321315
PPM1N,-0.04052256112242534
RNF207,-0.04044507597111909
LRFN1,0.040407296032402375
DEFA1B,0.039553451870266314
CD79A,-0.03937990815973966
ARHGEF15,-0.03934334816223222
CLEC1A,-0.0393268267996346
TMSB4Y,-0.03927469729226804
HBA2,-0.03918553758916474
DDX11,0.039155885549281955
JUP,-0.03913720347410241
IGLV3-9,0.03908916451599605
COBLL1,0.039044132748247425
ALPK1,0.03900711835294659
C1QC,0.038998342680195495
XK,0.038965323096924596
NUP153,-0.03878643124458757
GALNTL6,0.03852053770125592
CAMP,-0.03851849640457253
L3MBTL4,0.03826374417627533
GADD45B,0.03825657919217497
TTC39A,-0.03821756654473838
IGLV3-10,0.03815073320873836
TNFRSF9,0.03813942246980606
IGF1R,0.03785978778735883
GRHL1,0.03770598219727893
GPR174,0.03770538596851683
NUP210L,0.037670502213558416
GSTT1,-0.03765952771842483
ABCA1,0.03757181757708933
BCYRN1,0.03739395259376432
RN7SL744P,0.03724105597478005
GSDMB,-0.03720873087404822
RMDN2,0.03720174501477936
ZDHHC19,0.037170041884960835
LINC00842,0.03715741247176185
ST18,-0.03704022733061735
HSBP1L1,-0.036633784645823474
ALKBH6,-0.036606954147851
SLC1A2,0.03647783069125905
RN7SKP168,0.0364232564277913
FAM161B,-0.03614460332100814
FOXP1-AS1,-0.03574595324039811
NEAT1,0.03561063677205288
UBE2NL,-0.03553632372345401
LRWD1,0.03552285829453721
CEP63,-0.0353605538320512
KRT23,0.03529321974629528
AHNAK2,-0.035210332312138354
SMAGP,-0.03517336340835731
IGLV4-69,-0.035170705188990174
ABCG1,-0.035084407652186615
ZNF763,-0.03504773006575306
UNC5C,-0.035002975637510425
XBP1,0.034852583593162394
CLRN1,0.03481273057779968
TBC1D30,-0.034686956140726206
STXBP1,-0.034669455004612826
THSD4,-0.03463299753810949
BPI,0.03454008396492154
C17orf97,0.034535622461421826
FCGR2A,0.0345232784112486
RBBP5,0.03438999229674343
GATA2,0.03432563934964554
OSBPL5,0.03391255439042422
PIK3IP1,0.0339020347890424
ATP11B,0.033852420030475776
ITGA6,0.03344998219645567
MOCS3,0.03339687743472911
CD1A,-0.03327013451936691
AZU1,0.03322294359539768
DHRS9,-0.033102606213463066
SOCS2-AS1,-0.03307413763949654
ABHD12B,-0.03296815780746322
IGKV1-33,0.03287474362417953
SNX25,0.0328585179845018
IL1RN,0.03237225056514956
AOC3,0.03234156447712312
IGHV3-74,0.03205683870811873
PPIL6,-0.03191534688699907
PIF1,0.03172899171966413
GPD2,0.03162860376126047
ABHD4,-0.03150044904868345
RAB30,0.03146008711151858
SAG,-0.03142638890729914
MBOAT2,0.03141993009432665
MYL6B,0.03131688029287729
NAPSA,0.031242367088913342
PAFAH1B3,0.03123668698601542
ZYG11A,0.031234121944326693
FDXR,-0.030918112772334985
CASQ1,-0.030762446573556035
RN7SL353P,0.03073826700754948
OXLD1,-0.03073758956492428
RAP2A,0.03055777256848362
ZFHX4,0.030517699801507873
LGALS4,-0.030514289254278355
HOPX,-0.030308786276553142
AFF2,-0.030246343723794696
KIFC1,-0.030243449607500625
WNT9B,0.03013516087352085
TBXA2R,0.030127656191990777
SEMA4F,0.03008249127437689
SCARNA6,0.02998304499309704
HSD3B7,0.0297089121328134
UVRAG,0.029481269053580363
GARNL3,0.02935541917497338
CCZ1B,0.029348622989192344
ABLIM1,0.028901793128384815
TEX2,-0.02866721878079542
C6orf132,-0.02866232628280083
CXCR1,-0.02863601348633898
GRM2,0.02824488739116811
CACNA1S,0.02799609571782242
RFC5,-0.027680666657127963
FAT3,-0.027631992562469135
UBAP1L,-0.027620399684609998
DNMT3A,-0.027570476839755328
ZNF585A,-0.027408839711524895
USP53,0.02700377365542872
HEMGN,0.02698661615627234
FPR3,-0.026962435772791258
KCNH3,0.0269533179079244
PPARGC1A,-0.02695176808871973
NCR1,0.026793927582845073
RNF149,-0.02678968588930579
SEMA7A,-0.026762514431412393
AKAP1,0.02671805230595911
SRGAP3,0.02665720063897539
MAMDC4,0.026571468886409894
PHACTR1,0.026505763113193765
BRIP1,0.026496314280866327
RN7SL749P,0.026284732940576316
TRMT1L,0.02626653940323669
FASTKD3,-0.026113875586049426
MARCO,0.026026597274915898
MRPS18A,0.025904519557275595
SLC35B2,0.025744019833975458
RTKN,0.0256017124579875
THEMIS,0.02548708294678677
HLA-DRB1,-0.02548163404269257
TNFSF4,0.025320170433186167
PRDM8,0.025152852284725382
CCRL2,0.02497659099171714
ELL2,-0.02485103967665202
ANKAR,0.024620985133923346
PCGF1,0.024592197226103677
KIR3DL1,-0.024522728013971755
RNU6-892P,0.02444375104205591
ARHGAP5-AS1,0.024419620790252887
CXCL10,0.024358570242354848
FBXL18,0.024247434776799467
COL8A1,0.023938931896043857
MARK1,0.023938931896043857
TRPM6,0.023691665730201577
IFITM10,-0.023413729106464193
ZNF677,-0.023374460159369143
CASP5,0.02321634589821246
BPGM,-0.023204983865255383
IGLV2-14,-0.023036654163675594
CHAF1B,0.02290552406559852
CXCL3,0.022737999648709557
FEM1A,0.02262629592811364
SEC61A2,0.022467619313305116
ZNF324,0.022436541668114197
DPH1,-0.022269723770786894
MT-CO3,-0.02220551261478182
EML6,0.0221845948563483
TSPAN5,0.022121368784759222
CD34,0.02207272697940625
IL2RA,0.02203686541397447
CNKSR3,0.021860445429647442
SEZ6,0.02163156677303911
TTC22,-0.021528650061744297
EPPK1,0.021414607098046143
NID1,-0.02098876802553143
ACE,0.02056401413837243
SHISA2,0.020536795420251046
SFTPA1,-0.020286769130492023
EXPH5,0.02027000383716717
SPOCK2,-0.020202490405071803
ARID5B,-0.02013588090052265
XRCC3,0.020109423867678264
ELOVL3,-0.020084014147407177
OBSCN,0.02003835682552498
VLDLR,0.019964783890284932
KCTD14,0.019848121663822996
HYDIN,-0.01979363617868344
RARG,0.019747740873921515
ENPP1,-0.019645393602590825
DCDC1,0.019415151405742303
CASC20,-0.0194069718411331
MCC,0.01940410737694973
TNXB,0.01916752948386987
IGHV3-23,0.019135252384731176
TRIM2,0.018825685988378346
PABPC1L,-0.018823942981423723
MAGI1-IT1,0.018797078959418692
DOCK4,0.01873525257041373
SNORA75,0.01850855794990593
LINC00299,0.01848730805284805
RN7SL584P,0.018450513424439433
CRB1,0.01843061077012167
TG,0.018271882869215657
RPGRIP1L,0.018169154362902423
EVC2,0.018138176979991982
IGKV3D-15,0.018103655295751704
RNASEL,-0.017870517136070706
OARD1,-0.017811542577707618
LUCAT1,0.017715147975242547
ACP6,0.01770285675070822
CHST10,-0.017652118475448977
ZNF620,0.0174330925898324
DEFA1,0.01740732114644998
URB2,-0.017388807590831157
LCN2,0.01737293366430682
HOXA-AS2,0.01736367044969475
FKBP11,-0.017321585861234518
ENTPD1-AS1,0.017167614345827847
BANK1,-0.01714748922848693
FANCC,0.017080164587132393
DEFA3,0.017051894608230703
IGHV3-30,0.01697889496385497
PEX5L,0.016906682366539402
FRMPD1,-0.016788698263199387
STX3,-0.016717354253349463
BIK,0.01645832352923621
GUSBP11,-0.01636729281300853
GAS8,0.016347526820846305
GSTO2,0.016150862006052084
IFT172,-0.016137884842158275
LSAMP,0.016088389282764633
FAM66C,0.01597617450397744
SDK2,0.015883820947116354
UNC80,0.015880173428890636
ZNF696,-0.015494722639671207
TRIM68,-0.015194627239300491
CSPG4,0.015164409993273547
CCNE1,-0.015157622460401875
TF,0.015143547626730454
IGHV3-33,0.015138089310247037
ZFP41,0.014869249229250476
VEPH1,0.014677532922875753
OASL,-0.014659244636310728
ANKRD34B,-0.014635778470057164
ALPL,-0.014424651137589384
CSRP2,0.014220964417850758
GNG4,-0.014067054710083496
SNORA51,0.0140200236873039
MYO6,0.013956939014463803
CUBN,-0.013942952139623356
MIR17HG,-0.013863964141063957
LTF,0.013767263552576684
IGHV1-24,0.013704823611293692
LINC00702,-0.013579850444547317
KCND3,-0.013398308841563508
GOLGA6L2,0.013378319733700357
HSPA6,-0.013128164901044608
IGHV1-2,0.013030552261707965
ZNF286A,-0.012997021274179224
PLGLB1,0.012866740346308109
C1QTNF7,-0.012858141908688427
MAP2K6,0.012835741172000691
SERPINB10,-0.012825202581652793
ZNF608,0.012789293796916576
PINLYP,0.012766139182335904
PCDHB16,-0.012734064511319568
NPDC1,0.012706390660587827
ELANE,0.012696628127402331
SIDT1-AS1,0.012678301910765239
PTPRR,-0.012664889262647108
CAMK2N1,0.012658626057062226
RHOC,0.012640997553169444
TGM6,0.012632137665152804
DENND2A,0.012576221429010909
BMP6,0.01254174194454889
NCR3LG1,0.012538719102453398
TXLNB,0.01244427706904308
DLX6-AS1,-0.012443285243340572
RGL4,0.01227478271833134
ASH1L-IT1,-0.012193757998388064
ZNF114,0.012171880881704573
RRAD,0.012113929841296925
BCL2L11,-0.012037038244022127
TRBC2,-0.012027673751829376
IL1B,0.012001235969841489
RN7SL273P,-0.011950693512722155
TRIM5,0.011883770369982968
MLIP-AS1,-0.011881196889632338
MAEA,-0.011792339992953538
FKBP6,0.011712530187746973
TAF6L,-0.011665232429356838
PLIN4,0.011633196020774682
C6orf58,0.011619191941796739
BDNF-AS,0.011610656413365221
BCAR4,0.011581808881245883
LMOD3,0.011556760718394005
WDFY3-AS2,0.011556678621393677
RN7SL164P,0.011536422085908313
IGHV1-18,0.01150872765028553
CABLES2,0.011493533951223385
MAGI2,0.011489047552156857
LINC00319,0.011439929583886649
PDGFB,0.01143022350557226
ERCC6L,0.011378071104015773
DGKK,-0.011311409482465902
NEXN-AS1,-0.011266321730302058
ST6GALNAC2,0.011226028914939349
TNKS1BP1,0.0112240301534342
GPR88,-0.011220707961115364
CCDC68,0.011199301749805258
TLN2,0.011175452816810174
ZNF844,-0.011163522466949013
TRIM45,-0.011123829022126195
RN7SL454P,0.011105088845125743
KRBA1,0.010970327201509616
DEFA4,0.010967696022837233
KCNJ12,0.01095758603050606
DDR1,-0.010953853270436898
KCTD19,-0.010947686507736842
CCDC17,0.010917679213605036
ADAMTSL4-AS1,-0.010775351915881609
MGA,-0.010762621223299266
MMP8,0.010745404937215658
IGHV1-3,0.010716531381541423
PLIN5,0.010685469254238786
RND1,0.01064270352523349
HHIPL2,0.010585457824037194
XRCC1,-0.010577033111534838
PRTG,-0.010542859304291049
APOC1,0.010541870349029278
IGKV3-7,0.010509210548970704
IGKV3-15,0.010489638709188025
GLIS3,0.010395420031781897
PADI6,-0.010350574559570268
GBX1,-0.01030028946845015
DNAJB5,0.01026328602796665
SLC17A6,0.010229483924156514
FAM227A,0.010216841782956195
PRIM2,-0.010139200183712322
CAV2,0.010065075600211693
PRTN3,0.010051582392960449
SLC8A3,0.010034505830952115
ATP11A-AS1,0.010026725182891204
CABP4,-0.009992449059967145
EPPIN,-0.009984920998389874
ATP6V1G2,0.009910344184596116
CALCA,0.009910344184596116
TLK2,0.009884663687259895
ZNF33A,-0.009872619073337863
STARD5,0.009853168865649919
TSSK6,-0.009838008201569064
FRMPD3,-0.009821721530950522
NHSL1,0.009770953140971263
SLC7A2,-0.009750921748652167
ARHGEF11,-0.009708121313981072
CHIT1,0.009705867587233484
RSAD2,0.009703016260118135
FAM215B,-0.009671021340629716
CYP3A5,0.009632021853995577
OPTC,0.009611736965695035
DAB1,-0.009588227875303392
IGHV1-46,0.00958674394108175
ZNF835,0.009501390733898666
CHAC1,-0.009480043777309353
LINC00668,0.009407740599399918
RN7SL303P,-0.009393692529154512
CX3CL1,-0.009393692529154512
BRICD5,0.0093874868056587
KCNH5,0.009375235229984095
SNORD14E,-0.009192624215565928
ARHGAP26-IT1,0.009171120673959546
CCNJL,-0.009158254749495545
ADAMTSL3,0.009151843921491617
NR2F1-AS1,0.009127785197936049
DNM1,0.009112716900439242
TBX3,0.00910262824820447
FAM83A,-0.00909046843933747
DCLK3,0.00903124377408957
OPA1-AS1,0.009011326557552648
RNU6-1004P,0.009002464162899836
MTTP,-0.008996319143689716
TNNI1,0.008970107872094912
NUDT6,0.008880351691399876
RHPN1-AS1,0.008854990273923257
CDH24,0.008820765129382386
XPNPEP2,0.008805037065275753
SLC25A45,0.008658707102584307
KIF9-AS1,0.008649184973081408
MYO3B,-0.00861500048748049
IFNLR1,0.008611510626603189
GAL3ST4,0.008590244330739856
IFIT5,0.008552218777695198
ARHGAP25,-0.008531773415487415
LINC00487,0.008484865594032246
LEFTY1,0.008457246567033243
KLHDC7A,0.008405279621369376
FANCD2OS,0.008362947051292426
TANC1,0.008334921647153569
SEMA4B,0.00833020177882514
SCUBE1,0.008311327081391737
HSPB11,-0.008291270050997914
DNTT,0.008269101220691131
SLC2A8,0.008238027132831697
FGFBP3,-0.008196965525880454
OLR1,-0.008167222278573924
JAKMIP2,0.008150388682289546
PDP2,0.008140833500081601
ACTR3C,0.00812809268341477
GPR37L1,0.00808796371591893
MYL9,0.008079696585308719
SLC52A1,-0.008050552633599701
FHDC1,0.008035643494319157
IER5L,-0.007998619399678577
CNTN3,-0.007978815847902136
CNTNAP2,0.0079776694245413
ANKRD34A,0.007868132048851341
PPP1R32,0.00783989435532598
CEACAM8,0.0076866841590983925
OLFM4,0.007681924364914129
QRSL1,-0.0076639247323719295
HTRA4,0.0076551142184454685
BLOC1S3,-0.007593853390462171
FAR1-IT1,-0.007547329712003772
REEP2,-0.007496068089054054
TTLL7,-0.007467851584890974
TMC4,0.0074480672657843035
IGKV1-39,0.0074220523453993985
IGSF10,0.0073890238532471645
ZNF71,-0.007376416516630154
DLGAP1-AS1,-0.0073683316105439415
ANXA3,0.007289831730730702
CTSG,0.007253875752274098
PXDN,0.007253724630774299
PI15,-0.007247001480129363
TCN1,0.007201830583252848
APOE,0.007132538185487344
ZNF385C,0.007091961545366501
SLC14A1,0.0070910680136853175
PRKAR2B,-0.0070809600440964095
RAB15,0.007003495705140721
PLEKHD1,0.006978863504809538
SYBU,0.006976545021555969
MYPN,-0.006956631902479457
FZD7,0.006955151792003243
STON2,-0.00689544351381498
SLC38A9,0.006891833290911004
TMEM220,0.006879728112131186
NLRP13,-0.006789650398527857
DMTN,-0.0067881061203102075
FBXL16,0.006784522075935217
SHANK2-AS1,-0.006684077497396289
LINC00954,0.00663130071908549
BCDIN3D,0.006529568465251196
SLC38A5,-0.006504315149566425
VSIG10L,-0.006493384431168903
ORM1,0.00648241604123165
GPR75,0.0064654052970673104
BPIFA3,0.006461570138899102
IGKV2D-28,0.006442938870084737
RAB33A,0.006439364949692583
RGPD1,-0.006433500832509299
TRAV12-1,0.006393147044772495
EPHX3,0.006346181563456162
QRICH2,0.006324303472713542
CHI3L1,0.00632114154291883
EHD3,-0.006299506051777678
SPDYE2,-0.0062969918871555305
TSPY2,0.006194435598594413
ESR2,0.006190013240642873
SPEF2,-0.006165677293716911
MUC7,-0.0060978245364215625
BUB1,0.006057140438446984
DNAH10,0.006052799336512189
DOCK6,-0.005988488461972422
TIMP4,0.005985836196793538
SLC9C1,-0.0059475300526030325
BBS5,0.005879118114683224
C1R,0.00585881975234159
COL11A2,0.005833597951648479
CCDC26,-0.005816311200717296
FAM177B,-0.0058121886839399405
NLRP6,0.00576637683071031
DCHS2,-0.005716426822150347
IGHV3-15,0.0057081290042601115
ADAT2,-0.005690203363688984
CD40LG,0.005687217543007103
ADAMTSL1,-0.0056848511113488315
BMP3,0.005673978649444617
PCOLCE-AS1,0.005631985363092053
ZACN,-0.005619578608822937
ZNF678,0.005577649042055571
FAM72C,0.0054905174972524244
CAPN11,-0.0054539302169380926
ST7-AS2,0.0054412597496548845
MYBPC3,-0.005422557897773516
NEU4,0.005379433324079795
S100A5,-0.005373123822615899
LINC00858,0.0053665205944065965
TBC1D3H,0.005347125136725058
ADAM32,0.005343680942955921
IGKV3D-11,0.0053109006707821454
TFR2,0.005293150860591772
HBM,0.005151788933506033
PGLYRP1,0.005149556261920495
RBPMS2,-0.005120997503162347
TAS2R30,0.005106819256411218
PLA2G10,0.005087424055757858
RNU6-428P,0.005080828841141336
TMEM178B,0.005076714346176571
BEX5,0.0050736896583917284
ZNF671,-0.005068388527932857
ECM2,0.005056405808658547
LINC00992,0.005056405808658547
C6orf163,0.005040707561184838
RNU6-1217P,0.005003190205487433
TTC4,0.004989286937017025
TSR3,-0.004972408188238417
CCR4,0.00496417904153739
NYAP2,0.004947317805793501
TEDDM1,-0.004943447956721328
LACRT,-0.004943447956721328
SNORA62,0.004939303300471303
ABHD17C,0.0049274754025109835
LINC01091,-0.004924425143131907
CYP4F3,0.0049148093877856
ARG1,0.00491365047636789
KCNN3,0.004896357187949195
CRISP3,0.0048387120545359905
CNTNAP3,-0.004813915950694512
FOXRED2,-0.004796284038528901
ARHGAP28,0.004767218836620845
LAX1,0.0047133948114702826
ESRRB,0.004709260553391359
RXFP1,0.004704274956254988
GSTM5,-0.004691213003101094
BMX,0.004662493831015412
KTN1-AS1,0.0046105307936235495
TNFSF14,-0.004587057556916498
IGHV1-69,0.0045238102594565835
RNVU1-19,-0.004512925991349992
ANGPTL1,0.0045059673011508036
DUOXA1,0.004469432530807809
DPY19L4,-0.004457138532639005
IGHV3-20,0.004444453861741551
IGLV5-45,0.0044388022793603816
IL20RA,-0.004421014670180024
C4A,0.004410396569802661
EPDR1,0.004405988502711154
E2F8,0.004392124654065583
TRAIP,0.004369099856625514
CA4,0.004363168708437864
ASMTL-AS1,0.0043621454265824495
IGLV2-8,0.004360849234059347
ABLIM3,0.004332144390052754
MS4A3,0.004324198772913871
FAM161A,0.004287530153785791
UNC13C,-0.00426362782426425
CRYBA1,-0.00426362782426425
KRTAP21-2,-0.0042418566791453385
IGHV3-53,-0.004226879227744573
ZNF536,0.004179661125186982
ADRA2B,0.004163417433853199
TARM1,-0.004136507201689048
IGLV1-40,0.0041289286000969596
SULT1A4,-0.00411840200295146
RNVU1-14,-0.004111813404264422
LINC00355,0.0041093454181539806
ASB4,0.004079342747834681
PADI1,0.004079342747834681
GPRIN1,0.00407212817351085
NHS,-0.004055315815968898
MIR197,0.004009414608625235
ANKFN1,0.003968989980985231
LZTS3,0.003912392588074263
ZSCAN20,0.003890235866877608
MTMR8,0.00387029151627175
STX1A,0.00384874057271148
MNX1,0.00384073958653543
KANK2,0.0037756112616001
ABHD16B,0.003723468237458171
TMEM186,0.0037114760788013214
CCNA2,0.0037092127718069178
MARVELD3,0.0036915498982629325
VAMP1,-0.0036829976458137895
ZMIZ1-AS1,0.0036777218337002925
IGHV4-39,0.003640744640617474
GXYLT2,0.0036109860835216168
HPD,0.003600930688320154
HOXA10,0.003598996415022226
IGKV3-20,0.0035964939779712128
CEACAM1,0.0035824750126004666
INHBB,0.003578937490841132
TMEM117,0.0035786056940462917
KCTD11,0.0035403306739343475
RASGRF2,0.0035325709844669594
RBFOX2,0.0035307302065783266
PDGFD,0.0035297265469769034
ALAS2,0.003526378504258359
TRAV8-3,0.003496269267994668
RNU6-545P,0.003493273681923164
PLCH2,0.003471246934983369
SLC27A5,0.0034674348802807833
CDK18,0.003432531086535352
LINC01010,-0.003425175197937527
SHANK2,0.0033998260997383095
CKAP2L,0.0033731218789035235
CELSR2,0.003354819511647414
SH3TC2,0.003339236788389354
SLC4A1,0.0033331780048214583
SLC38A11,0.0033228568403156967
DLX6,0.003299826562628427
COL2A1,0.003257130442129964
SPON1,-0.003221031623879955
FBN1,0.00321627130746156
PALMD,-0.0032075509216286046
KLHDC8B,-0.0031857810094852138
CTLA4,0.0031777648721070108
CABP7,0.0031742445570849594
IGHJ4,0.0031565706814767457
CLDN25,0.003132387299219061
RN7SL104P,0.003132387299219061
PANX3,0.003122911127187528
ZNF408,-0.0030960080045012127
RN7SL566P,-0.0030920856591499864
MC1R,0.0030889482574560888
ASPDH,0.0030674067558366107
LOXL4,0.003060566030250373
MIR1343,-0.003024287809491786
RN7SL186P,-0.003024287809491786
EBLN1,-0.003024287809491786
DNAJC27-AS1,0.003022436462646195
GRIK1,0.0030108623698865055
TSPYL6,0.0030062674831118678
RASAL2,0.0029761457706748854
UGCG,-0.00290109843994804
RNF223,0.002895571593180153
RN7SKP50,0.002895571593180153
RNU6-1016P,0.0028811940948317576
OGDHL,0.002855581648736317
RNU6-415P,0.0028536982037782248
CCDC42,-0.002849564694431656
FBN3,0.00284052185633787
CERCAM,0.002835833076639194
RN7SL285P,0.0028263752858384327
TMEM213,0.0028104416644230226
OSMR,0.0028068784716469637
GK5,-0.0028010732908636564
IGLV7-43,-0.0027830381047624394
IGLV6-57,0.0027814365075678597
ZNF530,0.002771252837709611
IGHV3-48,0.0027582809900885607
IGLV3-19,0.002752941784978954
ABHD16A,0.0027439592929855406
PLSCR2,0.0027382540916922175
ASPRV1,0.002737615046237324
GFAP,-0.0027134364281568056
HCG20,0.0026957800047707455
AHSP,0.0026815277349952196
IGKV3D-20,0.002659796152855622
RASL12,-0.002653210380643999
CYGB,0.002634202512003598
RN7SL336P,0.0026341399760411725
OR52B6,0.002621078082843583
LPL,0.0025905925542664444
VANGL2,-0.002573819040142388
SCN10A,0.0025730989649796884
ARHGEF35,0.0025701416476710402
SLC22A11,0.002555962347931527
ZNF709,-0.002522138233592589
NRL,0.0024963581846873884
TBC1D8B,-0.002477008706475524
REEP1,-0.0024660029841088033
IGKV1D-33,0.0024633540942032273
VN1R2,0.0024632258534691013
TSPAN11,0.0024369316435834693
NLGN3,-0.0024364021796620247
PRICKLE4,0.0024094766442816083
GREB1,-0.002403640647263333
ASIC5,0.0023858121181138513
SLC6A2,0.0023858121181138513
CLC,0.0023784101713332203
C21orf62,0.0023660615082184587
GALNT16,0.0023622792033075155
CDH7,0.002315228424141119
MLPH,0.002309253874228055
ABCA12,0.0022817105736330457
EGFR,0.0022782178318405725
MTFR2,0.002256245548962021
SCARNA18,-0.002251136062670218
MMP16,0.0022420922640346294
HOGA1,0.0022388118181225266
EPHA1,0.0022305573767533787
CRP,0.002221515404524015
SNORA40,-0.0022187913650374954
IMPG1,0.002213927853629283
MYCT1,0.0022107756178491775
SYT10,-0.002189557826563718
KCNV1,0.002170461513671933
TGM3,0.0021632112816263095
LRRC49,0.002149410574383728
FREM1,0.002139650303802008
OR5A2,0.0021327083877961538
LINC01087,0.0021327083877961538
IGLV1-50,0.0021300474052953155
HOXB8,-0.0021183764696482404
POSTN,0.0020944282519156157
ARHGAP26-AS1,0.0020753528732651667
PRSS12,-0.0020748412327799026
SYT6,0.002055941504082614
OSGEPL1,-0.0020451138237432952
IGHV3-7,0.002040430079142913
SNX31,0.002029448710490128
MMP9,0.0020212426741548165
TBR1,0.002020195438820537
RN7SL447P,0.001997473147322868
COL6A5,0.001997473147322868
LRRC72,0.0019944469185393197
OPN1SW,0.0019886839762388825
TINCR,0.001964178204462876
GPRASP2,0.0019622428813887444
OR12D3,-0.0019534681720582165
IGLV4-60,0.001950849829983502
RNU6ATAC31P,0.0019407191306382017
RN7SKP206,0.0019407191306382017
CNN3,0.0019340055715457386
RBM11,0.001929090874115841
HHATL-AS1,0.0019207858833075928
MUC3A,0.0019207858833075928
LHX6,0.0019165991936589933
PROCR,0.0019094725279656091
LINC00648,0.0018990477584185682
APCDD1,0.0018679419786768233
ASXL3,-0.0018674190687399382
LINC01133,0.0018638142633691708
COL13A1,0.0018561149115165281
SPATA3-AS1,0.0018495982488442929
PDZD7,0.0018440547048864204
TPH2,0.0018198526428605541
RHCE,0.0018167908067240634
GPR12,-0.0017905640095068095
SOST,0.0017831724961441657
SYDE1,0.0017714475721252135
CD207,0.0017649716691124778
IGHV3-66,0.0017647435565622278
KLLN,0.001760039755104143
PNPLA7,0.0017434482459646773
CTNNA2,-0.0017432976773290557
SLC26A4,-0.0017395830289065695
PLA1A,-0.0017348162787670363
GCSAML,0.0017339476339372664
UNC5D,-0.0017316369007927671
INHBE,0.0017206699327550327
IGHV3-49,0.0017188229675661843
LRTM2,-0.0017181844976869348
PFKFB1,0.0017174886910955416
PROX1,0.0017153801186415567
ZIM2,0.001698170507319246
ZC2HC1C,0.001697402771347042
SCARNA11,0.0016954851212639887
ITPK1-AS1,0.0016954851212639887
HPYR1,0.0016882876080152058
SELENBP1,0.0016836095576384092
MUC17,0.0016798072294892492
GYPA,0.0016729154960124068
CPT1C,0.001671009528542356
TCHHL1,0.0016662649888953905
CLDN11,0.0016567591453440723
FITM2,0.0016466024065545865
NPTX1,-0.0016374333723763053
SKIDA1,0.0016290146035799575
CCDC89,-0.0016186170249580971
MYOCD,0.0015966004444346769
KRTAP5-4,0.001585721371486863
GCM1,0.001574916343056117
WEE2-AS1,0.001571618730953227
FAM221B,-0.0015678339213224535
NALCN,0.0015667293976034103
PRMT8,0.001565361596122735
TEX26-AS1,0.001564325322804409
PALM,0.0015619788991026225
HOTTIP,0.001557696419392677
RORB,-0.0015363954863535974
GABRA2,0.0015358578971511774
RN7SL635P,0.0015358578971511774
SPOCD1,0.0015354979453055116
ZNF662,0.0015136433631105137
RBP5,-0.0015016281304954045
ZCWPW2,0.001491781106763279
NLRP8,-0.001490893569408174
IGKV3-11,-0.0014690191394029876
TFCP2L1,0.0014601766199081054
SFTPC,0.0014601039961848659
IGHV4-59,0.0014598140327161202
COL27A1,0.0014456366718877082
EFCAB6,0.001442320554466755
TTLL1,-0.0014333339063632123
ZNF90,0.001416451395850685
ZNF311,0.0014028836858224168
HLCS-IT1,0.001398446294072168
COL1A1,0.0013966315011251255
FAM135B,0.001395857510818934
RN7SL330P,0.0013867121912309072
GUCA1B,-0.0013689203665261788
IGHV3-21,0.0013607138583155245
NIPAL1,0.0013501784439338125
RAD51,0.0013320577307965752
TTC28,-0.0013308889494229466
OSBP2,0.0013256138752155758
SLC22A7,0.0013176183348314482
FBXO10,0.0013059062637792312
KRT80,0.0013018313610216128
COL5A1,0.0012940969014271042
DCBLD2,0.0012938778621325278
NDUFB2-AS1,0.0012905442542440026
RNU6-370P,0.0012864820044884854
AQP6,0.0012861254998127623
TXNDC5,0.0012800127590478808
GRM6,0.001279112383424306
FGF11,0.0012789353256669165
FBLN1,-0.001274914491426576
ZFYVE9,0.0012633738859487381
CDH5,0.0012437965076904953
GALR2,0.0012436408606763159
FGF20,0.0012422054661752847
SLC4A5,0.0012421614291778283
GRM4,0.0012382587012546283
ANK1,0.0012184073004973268
SULT4A1,-0.0011888428714295692
MORC2-AS1,0.001188828319794246
REG1B,0.0011788325594408143
CYTL1,0.0011788325594408143
SNORA11B,0.001172250578897037
SPATA31D1,0.0011610357398047016
ELF5,0.001159765293409046
IGLV2-18,-0.0011541788777613758
PHLDB2,-0.0011482038203855052
FARP1-AS1,0.001133804018830484
C10orf90,0.001133066817765884
C4orf19,-0.0011272409711250552
RN7SL814P,0.0011256638010657095
MIR5685,0.0011256638010657095
MET,0.0011252354738020176
ORC4,0.0011248838863005116
AKR1B15,0.0011223167695793034
CXCL9,0.0011201649902880739
AVIL,0.001108755641546512
IGHV3-11,-0.0011054405111930855
TEKT1,0.0011028786265629151
SPIN3,0.00109129081278573
B3GNT6,0.0010767006537399178
CCDC80,0.001073372456523636
IGLC7,0.0010639091397489254
IGFBP5,0.0010628512034087077
ALPK3,0.0010591040173260405
RN7SL198P,-0.0010558189055226948
TRAV23DV6,0.0010540725770625797
CYP1A1,0.0010498290567193373
RNU6-1121P,0.0010433364969985599
KIAA1755,-0.0010408909386892054
SLCO4A1,0.0010400590051376946
IGLV3-25,0.001039084666628291
DMRT2,0.0010266375949844558
PLEKHS1,0.0010260963283368722
SNORA25,0.0010247915197236104
ST8SIA2,0.000991342288602501
TFEB,0.0009906901654869837
CNR1,0.0009882653636640866
DMBX1,-0.0009836987896478246
PCDH11Y,0.0009676121079256676
KCNK5,0.0009649588015021843
GPR83,-0.0009614271450385632
RN7SL414P,0.0009517716246309281
PROSER2-AS1,0.0009413174336247134
MYRF,0.0009138216402597285
PLCXD3,0.0009124314941049569
RN7SL424P,0.0009034673557093355
SCRT1,0.0009034673557093355
OR11G2,0.0009015600938710221
KALRN,0.0008999438513298351
FAM120C,0.0008991930082118155
DLG5,-0.0008989235622511586
IGHV3-64,-0.0008978396335186145
MUC22,-0.000895728981174677
TUBA3C,0.0008956376241910106
RN7SL151P,0.0008956376241910106
TBX20,0.0008956376241910106
IAPP,0.0008934918078488338
DAAM2,-0.0008931587653764694
ASB11,0.0008929130119175577
RFPL2,0.0008850129069241731
TUBA8,0.0008804726069002377
LIG4,0.000866803478363596
TM4SF19,0.0008653796316798344
FRG2,0.0008628986550601032
KCTD8,0.0008614339824475674
PHGR1,-0.000857393405255217
CRTAC1,-0.000857393405255217
LINC00838,0.0008553403653121179
ZWINT,-0.0008517375951016919
SBK1,-0.000850225058712363
OR2A7,-0.0008425166570165329
PLAU,-0.0008414549266597659
EFCAB6-AS1,0.0008356235532807889
LRRC4C,0.0008347589958593891
C8B,0.0008347589958593891
KCNH1,0.0008322818225590116
ARID5A,0.0008276773436030869
MS4A10,0.0008246859070564093
ADCY5,0.000820665570762242
OR4K2,-0.0008205148163441458
LPAR3,0.000818343512051561
IGHV3-13,0.0008154745558387899
LINC00930,-0.00081227678996415
ELAVL2,-0.00081227678996415
MIR141,-0.00081227678996415
FAM230A,0.0008031669550587668
AGBL5-IT1,0.000798495669828918
ZNRF3,0.0007769316907552277
ZBED3,0.000772280556250206
SLC22A1,0.0007660512345320438
PTPRG-AS1,0.0007538850421955137
RN7SL32P,0.0007508589651669436
APOA2,0.0007451321720427533
WNK2,-0.0007390998145750486
EVPL,-0.0007347640002468628
OR1L4,0.0007301399697629567
FRRS1L,0.0007301399697629567
SLCO1A2,0.0007301399697629567
TMEM98,0.0007301399697629567
IGHJ6,0.0007154287034819925
NPTX2,0.0007094346738048251
BEND6,0.0007004611750360137
RNA5SP383,0.0007003385818240022
CXCL12,0.0006951334055297252
IGHV4OR15-8,0.0006850198094277227
F2RL3,0.000682160425901675
RN7SL546P,0.000682052205704825
CD274,-0.0006786656924943661
RNU4-49P,0.0006765884213375212
NOVA2,-0.0006672022397387891
LRRN4,0.0006568783530650317
RS1,0.0006565666388067277
TNNT3,0.0006542084003773079
HDC,0.0006538538275696834
ISG15,0.0006407074271710779
POM121L2,0.0006380182435680927
COL4A2,0.0006340251907913961
FLNB-AS1,0.0006339011717466535
CSH1,0.0006325980475303077
MIR196A1,0.0006325684557409358
NR2E1,0.0006311742218532455
NEFL,0.0006301355445008463
REM2,0.0006271811358900613
KLK1,0.0006231882434897855
BCAM,0.0006194124033596409
SHROOM3,0.0006144964216288411
SAMD12,0.0006142518370922971
RD3L,0.0006002547092186866
IGHV3-72,-0.0005945716086143584
FOXE3,0.0005863470769430361
OR4C46,0.0005828544382450845
MIA2,0.0005828544382450845
MUC6,0.0005680703980787638
RGS7BP,-0.0005629317461008953
HOXC9,0.0005607574265584288
CA6,0.0005607574265584288
NPHP3-AS1,0.0005607574265584288
LINC01159,0.0005570790208511023
RN7SKP199,0.0005527164965368658
LBX2,0.0005316673314438034
CREB3L3,0.0005287435786043049
C2orf83,0.0005240046529191797
GUCY1A2,0.0005154839726345813
PTPDC1,-0.0005148709562063618
CNKSR1,0.0005129443133869636
ARL9,0.0005083543545893388
CUZD1,0.0005041329102108652
HSD3B2,0.000502776420847543
TRAJ45,0.0004993276377711808
RBFADN,0.0004981967270516888
PKNOX2,0.0004965427177927587
IGHV3-73,0.0004929766518897616
ZC4H2,-0.0004923755075899489
SMIM22,-0.0004885416825130436
GPR3,-0.00048758464373116896
MELK,0.0004864506372550942
KLHL41,0.0004855220239050118
SHISA9,0.00048101458265399833
PRDM9,0.00048008874953851376
GSN-AS1,-0.0004740991237546348
CDT1,0.0004737071431700808
ADARB2-AS1,0.0004670955746386656
C19orf18,0.0004667437863048986
ALDH3A1,0.000462440050614637
PHYHIP,0.0004609917440745897
HRNR,0.0004536438457416733
DAO,0.0004510495773002452
IGLON5,0.0004510495773002452
WNT9A,0.0004510495773002452
RN7SKP208,0.0004510495773002452
CSF3,0.0004510495773002452
HNF4G,0.0004510495773002452
IGKV1-5,0.00045084577281518225
MIR137HG,0.0004483008724306023
LGSN,0.0004413254351147267
TRABD2B,0.00043979518511449344
CACNA1E,-0.00043271837992097826
CP,0.00042797408104002145
KCNQ5,-0.00041860687505862373
LONRF2,0.00041851255584235484
DKK3,-0.0004176200786964533
SUGCT,0.0004166116419012841
DPYSL3,0.00041642284446710454
GAD2,-0.0004065428405556499
SCN5A,0.00040378418309181235
TMEM92,0.0004028659782944154
ANO2,0.000396220335698336
IGHV1OR21-1,-0.00039504847612570175
CCDC60,0.00039112248590114033
IRGC,0.00038884281295751405
LINC00901,-0.00038142229138221986
ZFP2,0.000381176529218383
KLHDC9,0.00037851813104953407
MAP2,0.0003753025493624319
LRRIQ1,0.00037473675923077875
HBD,0.00037316007888553107
IGHV6-1,-0.00036987921975470287
CCR10,0.0003662187264875894
HNF1B,0.0003656403963643801
KY,0.00036361817911466745
IGHV5-51,-0.00036276667061542695
GLYAT,0.00036136050500510373
NWD1,-0.0003604377106938972
RNA5S9,0.0003591345925565793
DRD5,0.00035729957625392386
MEIS3,0.0003518624125282107
ODF3L1,0.0003485959049460704
LGALS14,0.0003390276224749953
LSMEM2,0.00033808118919412456
ZPBP,-0.00033479364594983817
DNAI2,-0.00033461427864452705
SYNDIG1L,0.0003338043451503719
ANKRD62,0.0003317948290500183
ZBED2,0.00033062363652709557
CCDC177,0.00033062363652709557
HSPA12A,-0.0003250632685545166
TRBV3-1,0.0003245826229598563
PLA2G4E,0.000318128872257039
CCDC126,-0.00031705462227415646
TTC16,0.00031033481613680473
TRIM67,0.0003095962902128445
TRBV20OR9-2,0.0003091345177543334
KRT15,0.0003091345177543334
BTNL8,0.00030788187529254865
ADORA1,-0.0003046769087183507
ZNF404,0.0003040898748778778
MMEL1,-0.0003035043240894383
IGKV1-12,-0.00030068617184267387
IRF6,-0.00028800331346742964
IGLV3-21,0.0002862357970076675
IGKV1D-8,-0.0002845054598182024
GLRB,0.0002826178162114205
WFDC10A,0.00027260869801793645
EXD1,-0.0002709995481316022
PTPRG,-0.0002709995481316022
PPFIA3,-0.0002700395289611183
RNU6-107P,0.0002693090396887994
CLSTN2,0.00026921898249159524
MT-TH,0.0002691260554049371
FENDRR,0.0002685701737869265
KIAA0087,0.00026695212078770616
IGLV3-27,0.00026335869077728785
BARX2,-0.0002582086156342088
KCNC1,-0.0002574512207041468
SNORA9,0.0002571154114633228
C11orf87,0.0002557021716433357
ASIC4,0.0002557021716433357
OR11A1,0.0002515596992788473
ITGB1BP2,0.0002509659497451404
GUCA1A,0.00025050227924923603
IGLV3-1,-0.00024998535051961
COL15A1,0.0002487463048914854
NOTO,0.0002471097228082374
TRBV9,0.000245854506313502
FOXE1,-0.00024310633515769623
NPHP1,0.00023924235186985912
MIR3173,0.0002389984652765068
DSC2,-0.00023734157754084877
SPRR2G,-0.000237292167254095
SLC2A7,-0.000237292167254095
SCD5,-0.0002309346267406465
CACNA1C,-0.00022980486843917424
LHFPL3,0.0002286222034985525
DDI1,0.0002286222034985525
DCAF4L2,0.0002286222034985525
PAM16,-0.00022818903784697299
FBXL13,-0.00022687660998219294
RN7SKP39,0.00021660506990192605
RGR,0.00020942204125075773
SYT5,0.00020923317231972053
RBP1,-0.00020789533945547763
ZNF391,-0.00020630368445211865
RAP2C-AS1,-0.00020408624032178474
IGKV2-30,-0.00020311527164987745
SMOC2,0.00020192723310374512
DQX1,0.00020081019930462534
B3GALT1,0.0001994119691215805
HTR5A,-0.0001989087939337836
CNTN2,0.00019315516047132216
STK24-AS1,0.0001908102360697789
MBD3L5,0.000189317734622026
MBD3L2,0.000189317734622026
CCDC178,0.000189317734622026
RCAN2,0.000189317734622026
GPR21,0.000189317734622026
IGKV1D-16,-0.0001886185033367663
ABRA,-0.00018677497077889375
PTPRH,0.00018620557887423132
GPR179,-0.00018397341508454495
RBP4,0.00018289094397175317
AJUBA,-0.0001810224352935725
TMEM252,0.0001805922493265302
DIRC1,0.0001805922493265302
TEPP,0.00017802315865023046
IGKV2D-30,-0.00017682315834347922
C19orf84,-0.0001762875729369825
RN7SL107P,0.00017619699909047563
RN7SL574P,0.00017619699909047563
DAB2IP,0.0001747218028892948
SCARNA10,-0.00017425088758802563
TDGF1,0.00017254645511019195
IGLL1,-0.00016734321828139307
TMEM30B,-0.00016446167142968734
NTNG1,0.00016351180400146659
LRRC55,-0.00016278214570307153
GAS5-AS1,0.00016167575160652651
SPRR3,0.0001612563487571438
IGHV4-34,-0.00016047862878597305
DNASE1L2,0.0001587728535576452
IGLV2-23,-0.00015861055364663337
ABCG2,-0.00015523619666186228
DSCAML1,0.00015514211529977603
NFE4,-0.00015247305128636025
NKX2-5,-0.00015089568749054633
NOXRED1,-0.00015089568749054633
LAMP3,0.0001500869187548336
HOXB1,0.00014898162097479113
IQCJ,0.00014898162097479113
KBTBD11-OT1,0.00014856079400882795
LRRN1,0.00014856079400882795
TP63,0.00014762226702643629
NSG2,0.00014450174879698736
TMEM174,0.00014431983514111947
RN7SKP284,0.00014429205703296415
TRIM32,-0.0001434963180472948
GPLD1,0.00014279904096574727
LRRN4CL,-0.00014151931444008223
KCNB2,-0.00014029768633237413
UGT1A6,-0.00014029104370279227
RNU1-134P,0.00013998132575803395
NEK10,-0.0001387324164247536
CPA5,0.00013802980073096714
KDM4A-AS1,0.00013802980073096714
UGT3A1,-0.00013672353538761735
SCG5,-0.00013100753769232316
TRIM54,0.00012980911809025377
ZCCHC12,0.00012980911809025377
PACSIN3,0.00012980911809025377
AKAP4,0.00012980911809025377
RNF186,0.00012980911809025377
CKMT2-AS1,-0.00012814899673010917
ZNF716,0.0001274220517544691
GCNT3,-0.0001256424162630711
ADAMTS6,-0.00012494118312802272
LRRC52,-0.00012310903394336932
CYP4F2,0.0001228658157641695
HHATL,0.00012189241466956181
TAS2R3,0.00012189241466956181
C10orf53,0.00012189241466956181
TNN,0.00012162884833442671
PCLO,0.00012147928319001111
POU3F1,-0.00011802534644752374
IGHV3OR16-8,-0.0001170521314511537
NRCAM,-0.0001170521314511537
COL17A1,0.00011657151666220083
SLC30A3,0.00011559081170873417
IGLV7-46,0.00011080097524735588
ECEL1,0.00011077721356427903
CEACAM5,-0.0001105386240965106
PPL,0.00011031223982835795
NPAS3,0.000110005571909578
ZAR1,-0.00010998176863988856
SLC16A14,-0.00010928053806557092
LEKR1,-0.00010853406679924717
HORMAD2,0.00010489040654769433
HLF,-0.00010281494778319616
OR6Q1,0.00010202556688489037
SLC28A2,0.00010202556688489037
CSPG5,0.00010202556688489037
GPT,0.00010202556688489037
RNA5SP369,0.00010202556688489037
FAM9B,-0.00010020255265109503
RAMP2-AS1,-9.998941059523646e-05
LINC00927,-9.967049019437417e-05
RNU6-1067P,9.958768279991757e-05
THRB-AS1,-9.956747272883835e-05
KRT20,-9.956747272883835e-05
SPTSSB,-9.956747272883835e-05
C1orf94,-9.948485509727272e-05
LINC00939,9.943446382327353e-05
C2CD4A,-9.899313872915218e-05
TFDP3,-9.857074286921086e-05
KRTAP5-11,-9.857074286921086e-05
DSCAM-IT1,-9.857074286921086e-05
RN7SL41P,-9.772129058519753e-05
IL36G,-9.772129058519753e-05
ADAD1,9.730126482779462e-05
LINC01123,-9.725237621622444e-05
SYNDIG1,-9.611477897156028e-05
RNU4-29P,-9.611477897156028e-05
FLT4,-9.60171560689854e-05
SLC22A3,-9.601025514450462e-05
LINC01119,-9.525058877896541e-05
HEPACAM2,-9.388101565551771e-05
PCDHB4,-9.388101565551771e-05
CBR3,9.372386097623591e-05
KCNA6,9.352810896550973e-05
FAM205A,-9.344253117815729e-05
SPATS1,-9.344253117815729e-05
LINC00907,-9.293716318909139e-05
SNORD115-36,-9.29119280226129e-05
SHC2,9.249599055779229e-05
C1orf74,8.943476626543828e-05
MROH2B,-8.891043029453801e-05
COL3A1,-8.891043029453801e-05
BACH1-AS1,-8.891043029453801e-05
CPA6,-8.87184612184683e-05
GLP2R,-8.734153802623195e-05
ESRG,-8.720620294263156e-05
SAA2,-8.720620294263156e-05
MC4R,-8.720620294263156e-05
LINC00269,-8.718439410564517e-05
PLCZ1,-8.695362273307075e-05
NEGR1-IT1,-8.685824546798932e-05
DCT,-8.685824546798932e-05
IQCF1,-8.662144600285781e-05
SYN3,-8.635124815484905e-05
MYH15,-8.635124815484905e-05
HAND2-AS1,8.617468244250418e-05
OR56B3P,-8.53443614819969e-05
SLC16A11,8.438213857277541e-05
TRAV12-2,-8.405874268932587e-05
TAS2R5,-8.376822958503034e-05
RNU2-57P,8.33880044314687e-05
NPFFR1,8.177572874418052e-05
LINC00460,-8.039072916169232e-05
GPR26,-8.039072916169232e-05
LINC01143,-8.039072916169232e-05
GAPDHS,-8.039072916169232e-05
WFDC12,-8.013530010319684e-05
RN7SKP133,-8.013530010319684e-05
MIXL1,7.972935999507491e-05
RN7SL33P,-7.89939785242006e-05
DRD2,-7.89939785242006e-05
COX7A1,7.892331748539719e-05
RNA5SP351,7.892331748539719e-05
SLC6A9,7.892331748539719e-05
HOXA3,-7.836694862192109e-05
MTUS2-AS2,-7.836694862192109e-05
LINC00368,-7.836694862192109e-05
GABRP,-7.832908869636452e-05
ABCC8,-7.752067146712778e-05
TIGD4,-7.728315921039262e-05
SLC35F3,-7.728315921039262e-05
SKOR1,7.716481116362078e-05
PRR23C,7.70684382829139e-05
DIAPH3-AS2,-7.474842792860776e-05
GOLGA6D,7.463490275428649e-05
LARP6,-7.421349663527052e-05
NXPH3,-7.406670814510429e-05
EPS8L2,-7.406479088579174e-05
ZNF610,-7.369399450349846e-05
LINC00298,-7.364216811225763e-05
CDHR1,7.27280008112532e-05
PRNT,-7.260459097719045e-05
CST1,-7.222826495929965e-05
LINC01166,-7.126087421774006e-05
SRRM4,-7.126087421774006e-05
MAB21L1,-7.126087421774006e-05
DSG4,-7.126087421774006e-05
OR2A12,-7.126087421774006e-05
OFCC1,-7.088303192686365e-05
TMEM198,-7.088303192686365e-05
C20orf203,-7.067752989530475e-05
IGKV3OR2-268,7.053125060746388e-05
ADCYAP1,-7.012558483041813e-05
RNU2-59P,-6.945109421354839e-05
C14orf178,-6.919630734171857e-05
LINC00485,-6.919630734171857e-05
FAM13C,-6.852268913636157e-05
IGKV2-24,-6.805510883522866e-05
STAC2,-6.773947554999276e-05
CNTD1,-6.773947554999276e-05
RNA5SP437,6.762240245502339e-05
CST9L,-6.747700141943724e-05
TRAV13-1,6.73477221584103e-05
ISM1,6.659962806899131e-05
MAPT-AS1,-6.633084769306462e-05
RNU6-1322P,-6.559597084485954e-05
C18orf63,6.304485353432842e-05
A4GNT,-6.212323829577309e-05
SLC9B1P1,-6.212323829577309e-05
SDR42E2,-6.09727422749194e-05
KRT9,-6.077854372154427e-05
STAU2-AS1,-5.933711481290867e-05
MSH4,-5.893802612530807e-05
SNTN,-5.893802612530807e-05
ARHGEF26-AS1,-5.881174514094363e-05
MKNK1-AS1,-5.863162988206932e-05
SPINK1,-5.853851598762669e-05
KCNC2,-5.853851598762669e-05
HOXD12,-5.853851598762669e-05
SNORD8,5.84862192398986e-05
DOK7,-5.847313113024231e-05
AKR1E2,5.7992747239410135e-05
OR2A2,-5.791340135020342e-05
LMO1,-5.791340135020342e-05
GGNBP1,-5.6846072732718066e-05
KIF6,5.619321910339173e-05
PRDM11,-5.5472369579168925e-05
RNU4-48P,-5.345524465410254e-05
ERVMER34-1,-5.345524465410254e-05
MEOX1,-5.230320360460564e-05
CNGA3,5.214496432449217e-05
OR9A2,5.1826226927547725e-05
ZIC3,-5.0808956102999905e-05
SCN4B,-5.030500989220846e-05
LIMD1-AS1,-4.672092781508859e-05
MSLNL,4.613612682303433e-05
OMD,4.538679533757972e-05
MORN4,-4.508570488111654e-05
NPAS4,-4.508570488111654e-05
THPO,-4.508570488111654e-05
CDY1,-4.508570488111654e-05
LGI4,4.4814193810983194e-05
FXYD3,-4.320652584247366e-05
FER1L6-AS1,-4.26476852487273e-05
CHIA,-4.26476852487273e-05
PLET1,-4.164615309267572e-05
SFTPB,-4.0024833646940875e-05
SPC25,-3.979369757119871e-05
ERN2,-3.979369757119871e-05
RN7SL612P,-3.979369757119871e-05
ZNF521,3.84657264063087e-05
COLEC11,-3.8277073769553616e-05
HGFAC,-3.8109543974415294e-05
ATOH1,-3.7797348138973044e-05
IL17RD,-3.660637752144959e-05
TMEM72,-3.660637752144959e-05
ZP2,3.6281823733280615e-05
IGSF23,-3.5767759110752595e-05
C3orf33,3.499242859324339e-05
KCNK3,3.390123637842534e-05
POU3F2,-3.3267355349685615e-05
EGFR-AS1,-3.3267355349685615e-05
LINC01121,-3.28342483188154e-05
SSX7,-3.266494205718843e-05
CDX1,-3.266494205718843e-05
UPP2,-3.266494205718843e-05
RNU6-344P,-3.266494205718843e-05
FAM180A,-3.266494205718843e-05
TREX2,3.105141460552337e-05
CCDC27,-3.0627839064375634e-05
RNY3P8,-3.05452545376765e-05
PRDM7,-3.05452545376765e-05
ZNF285,2.8707724663852466e-05
AMH,2.803832857765583e-05
OR13A1,2.7768899488653848e-05
NSG1,-2.7729276676003927e-05
RNA5SP478,2.7016288940905338e-05
MIR548O,2.66929506515814e-05
ANKRD30BL,-2.6445841781297697e-05
GNAS-AS1,-2.6445841781297697e-05
LINC00689,-2.6193609329429098e-05
APBA1,-2.524402454759682e-05
ANKRD29,2.515068231972264e-05
C1orf185,-2.4313618863065956e-05
KRTAP2-2,-2.4313618863065956e-05
CAMK2B,-2.4313618863065956e-05
MSI1,2.4309897324094935e-05
KRTAP13-3,2.4309897324094935e-05
IL17RE,2.3406889006181207e-05
PLEKHG6,-2.309207415202331e-05
RNA5SP378,2.2355029413800096e-05
RN7SL784P,2.2355029413800096e-05
SCGB2A1,2.21562095572635e-05
EPHA8,2.21562095572635e-05
CLEC19A,2.1584289715641863e-05
C5orf49,-2.0548303782422022e-05
TMEM239,-1.80170274963316e-05
RAX,1.4968442174078063e-05
CDH16,-1.3752315386491515e-05
RN7SL279P,1.3137496686327695e-05
UBE2U,-1.131922492141081e-05
LINC00928,-1.131922492141081e-05
DNAH8,9.136472825069195e-06
BCDIN3D-AS1,-9.085944356692607e-06
IGHV1OR15-1,8.651436604787552e-06
KCNJ9,-8.647295088735655e-06
PDX1,-7.683712979138703e-06
LINC01100,-7.683712979138703e-06
VWC2,5.933891855659133e-06
TTLL10,5.933891855659133e-06
TTTY21,5.933891855659133e-06
KAZN,3.0670577339949665e-06
ABCC5-AS1,1.9151973709086197e-06
IGKV2D-29,1.7720609775506177e-06
MAGI1,1.4653497729171324e-06
STRC,5.258010836052592e-07
C1QTNF1,5.258010836052592e-07
